file,product_id,layered,string_family_events,near_null,weak_n1n2,either,stem_pred_below_-70,low_precision
scores/examples/akashic_bell.score.json,,0,0,0,0,0,0,0
scores/examples/epiano_3stack_test.score.json,,0,0,0,0,0,0,0
scores/examples/fur_elise_opening.score.json,,0,0,0,0,0,0,0
scores/examples/layered_transition.score.json,,1,1,0,0,0,0,0
scores/examples/moonlight_sonata_complete.score.json,,0,0,0,0,0,0,0
scores/examples/moonlight_sonata_movement1_tongue_drum.score.json,,0,0,0,0,0,0,0
scores/examples/moonlight_sonata_movement1_yangqin.score.json,,0,1142,0,0,0,0,0
scores/examples/moonlight_sonata_movement1_yangqin_tongue_mix.score.json,,0,1142,0,0,0,0,0
scores/examples/physical_piano.score.json,,0,4,0,0,0,0,0
scores/examples/rabbit_warning.score.json,,0,0,0,0,0,0,0
scores/examples/restraint_metal_click.score.json,,0,1,0,0,0,0,0
scores/examples/water_gong_clamped.score.json,,0,0,0,0,0,0,0
scores/examples/water_gong_free.score.json,,0,0,0,0,0,0,0
scores/classical/fur_elise/fur_elise_complete.score.json,fur_elise_complete,0,905,47,17,47,16,1
scores/classical/fur_elise/fur_elise_complete_cimbalom.score.json,fur_elise_complete_cimbalom,0,905,0,0,0,0,0
scores/classical/vivaldi_four_seasons/autumn/vivaldi_four_seasons_autumn_m1.score.json,,0,3111,721,183,721,300,297
scores/classical/vivaldi_four_seasons/autumn/vivaldi_four_seasons_autumn_m2.score.json,,0,187,32,14,32,32,31
scores/classical/vivaldi_four_seasons/autumn/vivaldi_four_seasons_autumn_m3.score.json,,0,2582,404,77,404,101,236
scores/classical/vivaldi_four_seasons/spring/vivaldi_four_seasons_spring_m1.score.json,,0,3173,714,248,714,523,385
scores/classical/vivaldi_four_seasons/spring/vivaldi_four_seasons_spring_m2.score.json,,0,1042,267,163,267,214,48
scores/classical/vivaldi_four_seasons/spring/vivaldi_four_seasons_spring_m3.score.json,,0,2071,545,257,545,466,402
scores/classical/vivaldi_four_seasons/summer/vivaldi_four_seasons_summer_m1.score.json,,0,3621,614,203,614,393,349
scores/classical/vivaldi_four_seasons/summer/vivaldi_four_seasons_summer_m2.score.json,,0,629,224,59,224,27,7
scores/classical/vivaldi_four_seasons/summer/vivaldi_four_seasons_summer_m3.score.json,,0,5158,1054,510,1054,496,283
scores/classical/vivaldi_four_seasons/winter/vivaldi_four_seasons_winter_m1.score.json,,0,3255,534,228,534,450,322
scores/classical/vivaldi_four_seasons/winter/vivaldi_four_seasons_winter_m2.score.json,,0,851,113,86,113,91,73
scores/classical/vivaldi_four_seasons/winter/vivaldi_four_seasons_winter_m3.score.json,,0,2696,460,99,460,263,171
scores/originals/ai_radiance/ai_radiance_complete.score.json,ai_radiance_complete,1,136,0,0,0,0,0
scores/originals/ai_radiance/ai_radiance_m1.score.json,ai_radiance_m1,0,32,0,0,0,0,0
scores/originals/ai_radiance/ai_radiance_m2.score.json,ai_radiance_m2,0,72,0,0,0,0,0
scores/originals/ai_radiance/ai_radiance_m3.score.json,ai_radiance_m3,0,16,0,0,0,0,0
scores/originals/ai_radiance/ai_radiance_m4.score.json,ai_radiance_m4,0,16,0,0,0,0,0
scores/library/akashic/akashic_action_001.score.json,akashic_action_001,0,1,0,0,0,0,0
scores/library/akashic/akashic_ambient_001.score.json,akashic_ambient_001,0,0,0,0,0,0,0
scores/library/akashic/akashic_loop_001.score.json,akashic_loop_001,0,0,0,0,0,0,0
scores/library/akashic/akashic_notify_001.score.json,akashic_notify_001,0,0,0,0,0,0,0
scores/library/akashic/akashic_opening_bell_001.score.json,akashic_opening_bell_001,0,0,0,0,0,0,0
scores/library/akashic/akashic_transition_001.score.json,akashic_transition_001,0,0,0,0,0,0,0
scores/library/akashic/akashic_transition_var01.score.json,akashic_transition_var01,0,0,0,0,0,0,0
scores/library/akashic/akashic_ui_001.score.json,akashic_ui_001,0,0,0,0,0,0,0
scores/library/clockwork/clockwork_action_001.score.json,clockwork_action_001,0,1,0,0,0,0,0
scores/library/clockwork/clockwork_ambient_001.score.json,clockwork_ambient_001,0,0,0,0,0,0,0
scores/library/clockwork/clockwork_loop_001.score.json,clockwork_loop_001,0,0,0,0,0,0,0
scores/library/clockwork/clockwork_notify_001.score.json,clockwork_notify_001,0,0,0,0,0,0,0
scores/library/clockwork/clockwork_notify_var01.score.json,clockwork_notify_var01,0,0,0,0,0,0,0
scores/library/clockwork/clockwork_transition_001.score.json,clockwork_transition_001,0,0,0,0,0,0,0
scores/library/clockwork/clockwork_ui_001.score.json,clockwork_ui_001,0,0,0,0,0,0,0
scores/library/forest/forest_action_001.score.json,forest_action_001,0,0,0,0,0,0,0
scores/library/forest/forest_ambient_001.score.json,forest_ambient_001,0,0,0,0,0,0,0
scores/library/forest/forest_loop_001.score.json,forest_loop_001,0,0,0,0,0,0,0
scores/library/forest/forest_notify_001.score.json,forest_notify_001,0,0,0,0,0,0,0
scores/library/forest/forest_notify_var01.score.json,forest_notify_var01,0,0,0,0,0,0,0
scores/library/forest/forest_transition_001.score.json,forest_transition_001,0,0,0,0,0,0,0
scores/library/forest/forest_ui_001.score.json,forest_ui_001,0,0,0,0,0,0,0
scores/library/ocean/ocean_action_001.score.json,ocean_action_001,0,1,0,0,0,0,0
scores/library/ocean/ocean_ambient_001.score.json,ocean_ambient_001,0,2,0,0,0,0,1
scores/library/ocean/ocean_loop_001.score.json,ocean_loop_001,0,2,0,0,0,0,1
scores/library/ocean/ocean_notify_001.score.json,ocean_notify_001,0,0,0,0,0,0,0
scores/library/ocean/ocean_notify_var01.score.json,ocean_notify_var01,0,0,0,0,0,0,0
scores/library/ocean/ocean_transition_001.score.json,ocean_transition_001,0,1,0,0,0,0,1
scores/library/ocean/ocean_ui_001.score.json,ocean_ui_001,0,0,0,0,0,0,0
scores/library/rabbit/rabbit_action_001.score.json,rabbit_action_001,0,1,0,0,0,0,0
scores/library/rabbit/rabbit_ambient_001.score.json,rabbit_ambient_001,0,0,0,0,0,0,0
scores/library/rabbit/rabbit_loop_001.score.json,rabbit_loop_001,0,0,0,0,0,0,0
scores/library/rabbit/rabbit_notify_001.score.json,rabbit_notify_001,0,0,0,0,0,0,0
scores/library/rabbit/rabbit_notify_var01.score.json,rabbit_notify_var01,0,0,0,0,0,0,0
scores/library/rabbit/rabbit_transition_001.score.json,rabbit_transition_001,0,0,0,0,0,0,0
scores/library/rabbit/rabbit_ui_001.score.json,rabbit_ui_001,0,0,0,0,0,0,0
scores/library/restraint/restraint_action_001.score.json,restraint_action_001,0,1,0,0,0,0,0
scores/library/restraint/restraint_ambient_001.score.json,restraint_ambient_001,0,2,0,0,0,0,1
scores/library/restraint/restraint_loop_001.score.json,restraint_loop_001,0,0,0,0,0,0,0
scores/library/restraint/restraint_notify_001.score.json,restraint_notify_001,0,0,0,0,0,0,0
scores/library/restraint/restraint_notify_var01.score.json,restraint_notify_var01,0,0,0,0,0,0,0
scores/library/restraint/restraint_transition_001.score.json,restraint_transition_001,0,2,0,0,0,0,0
scores/library/restraint/restraint_ui_001.score.json,restraint_ui_001,0,0,0,0,0,0,0
