note,midi,velocity,count,fail_0914,pass_0914,unv_0914,fail_0830,x1,null_order,null_depth_db,n1n2_dump_db,n1n2_s0_db,n1_vs_max_db,L1_db,x1_b4_before_a14,null_depth_db_b4_before_a14,stem_band_peak_dbfs
A1,33,0.313,2,0,0,2,0,0.515,,0.000,-3.558,-3.569,-3.558,-15.776,0.406,0.000,-47.283
A1,33,0.338,1,0,0,1,0,0.499,,0.000,-3.662,-3.671,-3.662,-15.077,0.394,0.000,-46.494
D2,38,0.303,1,0,0,1,0,0.635,,0.000,-2.609,-2.626,-2.609,-14.831,0.532,0.000,-46.797
D2,38,0.328,4,0,0,4,0,0.616,,0.000,-2.781,-2.796,-2.781,-14.091,0.515,0.000,-46.033
D2,38,0.363,1,0,0,1,0,0.591,,0.000,-2.984,-2.998,-2.984,-13.150,0.495,0.000,-45.105
D#2,39,0.303,1,0,0,1,0,0.661,,0.000,-2.371,-2.389,-2.371,-14.572,0.557,0.000,-46.849
D#2,39,0.328,3,0,0,3,0,0.641,,0.000,-2.561,-2.578,-2.561,-13.828,0.539,0.000,-46.014
D#2,39,0.363,2,0,0,2,0,0.615,,0.000,-2.784,-2.799,-2.784,-12.881,0.518,0.000,-45.039
E2,40,0.303,13,0,0,13,0,0.688,,0.000,-2.110,-2.130,-2.110,-14.311,0.583,0.000,-47.532
E2,40,0.328,4,0,0,4,0,0.667,,0.000,-2.319,-2.337,-2.319,-13.561,0.564,0.000,-46.764
E2,40,0.338,3,0,0,3,0,0.659,,0.000,-2.394,-2.412,-2.394,-13.278,0.558,0.000,-46.528
E2,40,0.363,1,0,0,1,0,0.640,,0.000,-2.564,-2.581,-2.564,-12.608,0.542,0.000,-45.815
G2,43,0.338,3,0,0,3,0,0.743,,0.000,-1.540,-1.563,-1.540,-12.467,0.639,0.000,-44.553
G#2,44,0.303,1,0,0,1,0,0.808,,0.000,-0.767,-0.796,-0.767,-13.263,0.699,0.000,-46.008
G#2,44,0.328,1,0,0,1,0,0.782,,0.000,-1.082,-1.109,-1.082,-12.488,0.677,0.000,-45.234
A2,45,0.303,6,0,0,6,0,0.841,,0.000,-0.336,-0.369,-0.336,-13.004,0.732,0.000,-45.455
A2,45,0.313,1,0,0,1,0,0.830,,0.000,-0.484,-0.515,-0.484,-12.683,0.722,0.000,-45.132
A2,45,0.328,50,0,0,50,0,0.814,,0.000,-0.687,-0.717,-0.687,-12.222,0.709,0.000,-44.705
A2,45,0.338,23,0,0,23,0,0.804,,0.000,-0.813,-0.842,-0.813,-11.927,0.700,0.000,-44.421
A2,45,0.363,18,0,0,18,0,0.781,,0.000,-1.095,-1.122,-1.095,-11.230,0.680,0.000,-43.724
A#2,46,0.303,1,0,0,1,0,0.875,,0.000,0.143,0.107,0.000,-12.749,0.766,0.000,-44.709
A#2,46,0.328,12,0,0,12,0,0.847,,0.000,-0.249,-0.283,-0.249,-11.958,0.742,0.000,-43.917
A#2,46,0.363,5,0,0,5,0,0.813,,0.000,-0.703,-0.733,-0.703,-10.956,0.711,0.000,-42.918
B2,47,0.303,1,0,0,1,0,0.911,,0.000,0.679,0.638,0.000,-12.499,0.802,0.000,-44.864
B2,47,0.328,4,0,0,4,0,0.882,,0.000,0.239,0.202,0.000,-11.698,0.776,0.000,-44.010
B2,47,0.363,1,0,0,1,0,0.846,,0.000,-0.269,-0.302,-0.269,-10.685,0.745,0.000,-43.003
C3,48,0.303,3,0,0,3,0,0.948,,0.000,1.281,1.235,0.000,-12.254,0.840,0.000,-45.222
C3,48,0.313,1,0,0,1,0,0.936,,0.000,1.072,1.028,0.000,-11.920,0.828,0.000,-44.896
D3,50,0.303,1,0,0,1,0,1.027,,0.000,2.731,2.672,0.000,-11.786,0.920,0.000,-44.153
E3,52,0.278,1,0,0,1,0,1.153,,0.000,5.702,5.611,0.000,-12.309,1.046,0.000,-44.349
E3,52,0.303,43,0,0,43,0,1.113,,0.000,4.636,4.557,0.000,-11.356,1.009,0.000,-43.380
F3,53,0.303,6,0,6,0,0,1.158,,0.000,5.834,5.741,0.000,-11.161,1.056,0.000,-44.270
F3,53,0.338,4,0,4,0,0,1.106,,0.000,4.479,4.402,0.000,-9.951,1.009,0.000,-43.058
G3,55,0.303,9,0,9,0,0,1.254,,0.000,9.014,8.874,0.000,-10.817,1.158,0.000,-43.628
G3,55,0.338,5,0,5,0,0,1.198,,0.000,7.029,6.920,0.000,-9.554,1.106,0.000,-42.321
G#3,56,0.278,2,0,2,0,0,1.354,,0.000,13.939,13.692,0.000,-11.718,1.258,0.000,-43.949
G#3,56,0.313,12,0,12,0,0,1.288,,0.000,10.409,10.244,0.000,-10.285,1.196,0.000,-42.518
A3,57,0.278,24,0,24,0,0,1.409,,0.000,18.370,17.967,0.000,-11.626,1.317,0.000,-44.560
A3,57,0.303,15,0,15,0,0,1.359,,0.000,14.258,14.002,0.000,-10.552,1.270,0.000,-43.466
A3,57,0.313,4,0,4,0,0,1.340,,0.000,13.097,12.873,0.000,-10.153,1.253,0.000,-43.077
A3,57,0.328,1,0,1,0,0,1.314,,0.000,11.657,11.466,0.000,-9.586,1.228,0.000,-42.498
A3,57,0.338,1,0,1,0,0,1.297,,0.000,10.845,10.672,0.000,-9.225,1.213,0.000,-42.146
A3,57,0.363,2,0,2,0,0,1.258,,0.000,9.181,9.038,0.000,-8.380,1.176,0.000,-41.328
A3,57,0.462,1,0,1,0,0,1.136,,0.000,5.243,5.157,0.000,-5.627,1.062,0.000,-38.534
A#3,58,0.303,6,0,6,0,0,1.414,,0.000,18.883,18.457,0.000,-10.456,1.330,0.000,-42.605
A#3,58,0.338,1,0,1,0,0,1.350,,0.000,13.690,13.450,0.000,-9.092,1.270,0.000,-41.262
B3,59,0.278,4,0,4,0,0,1.527,,0.000,29.172,30.631,0.000,-11.534,1.445,0.000,-44.897
B3,59,0.338,1,0,1,0,0,1.405,,0.000,17.927,17.544,0.000,-8.983,1.329,0.000,-42.385
B3,59,0.363,1,0,1,0,0,1.363,,0.000,14.522,14.259,0.000,-8.091,1.290,0.000,-41.469
C4,60,0.278,2,0,2,0,0,1.589,,0.000,19.372,19.789,0.000,-11.543,1.514,0.000,-43.862
C4,60,0.303,6,0,6,0,0,1.532,,0.000,27.780,29.002,0.000,-10.356,1.459,0.000,-42.674
C4,60,0.313,4,0,4,0,0,1.511,,0.000,36.602,40.584,0.000,-9.919,1.439,0.000,-42.247
C4,60,0.328,3,0,3,0,0,1.481,,0.000,32.588,30.744,0.000,-9.297,1.410,0.000,-41.610
C4,60,0.338,6,0,6,0,0,1.462,,0.000,26.306,25.353,0.000,-8.903,1.392,0.000,-41.260
C4,60,0.363,2,0,2,0,0,1.418,,0.000,19.294,18.848,0.000,-7.984,1.350,0.000,-40.312
C4,60,0.427,14,0,14,0,0,1.322,,0.000,12.120,11.919,0.000,-5.966,1.259,0.000,-38.281
C4,60,0.437,1,0,1,0,0,1.309,,0.000,11.448,11.262,0.000,-5.686,1.247,0.000,-38.014
C4,60,0.462,2,0,2,0,0,1.278,,0.000,10.021,9.863,0.000,-5.020,1.218,0.000,-37.333
C4,60,0.487,1,0,1,0,0,1.250,,0.000,8.861,8.724,0.000,-4.399,1.190,0.000,-36.719
D4,62,0.303,4,0,4,0,0,1.661,,0.000,14.837,15.059,0.000,-10.422,1.598,0.000,-43.903
D4,62,0.338,1,0,1,0,0,1.584,,0.000,19.848,20.293,0.000,-8.853,1.524,0.000,-42.345
D4,62,0.427,4,0,4,0,0,1.431,,0.000,21.017,20.479,0.000,-5.715,1.377,0.000,-39.193
D4,62,0.462,1,0,1,0,0,1.383,,0.000,16.098,15.784,0.000,-4.714,1.331,0.000,-38.189
D4,62,0.487,1,0,1,0,0,1.352,,0.000,13.873,13.628,0.000,-4.058,1.301,0.000,-37.532
D#4,63,0.427,1,0,1,0,0,1.489,,0.000,38.664,35.296,0.000,-5.633,1.441,0.000,-38.301
E4,64,0.278,5,0,5,0,0,1.870,,0.000,9.644,9.708,0.000,-12.124,1.818,0.000,-44.435
E4,64,0.303,11,0,11,0,0,1.800,,0.000,10.684,10.781,0.000,-10.695,1.751,0.000,-42.998
E4,64,0.313,1,0,1,0,0,1.775,,0.000,11.194,11.306,0.000,-10.174,1.726,0.000,-42.485
E4,64,0.328,1,0,1,0,0,1.739,,0.000,12.066,12.203,0.000,-9.438,1.691,0.000,-41.742
E4,64,0.338,2,0,2,0,0,1.716,,0.000,12.725,12.880,0.000,-8.975,1.669,0.000,-41.286
E4,64,0.363,2,0,2,0,0,1.664,,0.000,14.692,14.909,0.000,-7.902,1.618,0.000,-40.226
E4,64,0.402,1,0,1,0,0,1.591,,0.000,19.179,19.586,0.000,-6.426,1.547,0.000,-38.730
E4,64,0.427,30,0,30,0,0,1.550,,0.000,24.049,24.808,0.000,-5.584,1.507,0.000,-37.901
E4,64,0.437,1,0,1,0,0,1.534,,0.000,27.105,28.225,0.000,-5.266,1.492,0.000,-37.589
E4,64,0.462,13,0,13,0,0,1.497,,0.000,47.562,43.025,0.000,-4.513,1.456,0.000,-36.817
F4,65,0.303,5,0,5,0,0,1.875,,0.000,9.584,9.646,0.000,-10.931,1.833,0.000,-43.317
F4,65,0.427,9,0,9,0,0,1.612,,0.000,17.527,17.854,0.000,-5.573,1.576,0.000,-37.948
F4,65,0.462,3,0,3,0,0,1.557,,0.000,22.848,23.502,0.000,-4.461,1.523,0.000,-36.883
F4,65,0.487,1,0,1,0,0,1.522,,0.000,30.631,32.390,0.000,-3.737,1.488,0.000,-36.115
F#4,66,0.462,1,0,1,0,0,1.620,,0.000,16.998,17.301,0.000,-4.447,1.593,0.000,-37.054
G4,67,0.328,6,0,6,0,0,1.962,,0.000,8.894,8.921,0.000,-10.324,1.940,0.000,-43.135
G4,67,0.338,2,0,2,0,0,1.936,,0.000,9.040,9.077,0.000,-9.777,1.914,0.000,-42.589
G4,67,0.427,10,0,10,0,0,1.745,,0.000,11.893,12.024,0.000,-5.854,1.725,0.000,-38.684
G#4,68,0.427,10,0,10,0,0,1.816,,0.000,10.405,10.494,0.000,-6.513,1.805,0.000,-39.384
A4,69,0.427,20,0,20,0,0,1.889,,0.000,9.430,9.486,0.000,-7.248,1.889,0.000,-40.002
A4,69,0.437,3,0,3,0,0,1.870,,0.000,9.642,9.705,0.000,-6.847,1.870,0.000,-39.638
A4,69,0.462,26,0,26,0,0,1.823,,0.000,10.275,10.359,0.000,-5.905,1.823,0.000,-38.695
A4,69,0.487,1,0,1,0,0,1.781,,0.000,11.052,11.159,0.000,-5.041,1.781,0.000,-37.790
A#4,70,0.427,5,0,5,0,0,1.965,,0.000,8.888,8.913,0.000,-8.070,1.977,0.000,-40.656
A#4,70,0.462,1,0,1,0,0,1.897,,0.000,9.355,9.406,0.000,-6.645,1.908,0.000,-39.229
B4,71,0.402,1,0,1,0,0,2.101,3,-0.111,8.957,8.924,0.000,-10.226,2.126,-0.171,-42.803
B4,71,0.427,50,0,50,0,0,2.045,3,-0.021,8.771,8.763,0.000,-8.995,2.069,-0.051,-41.603
B4,71,0.462,3,0,3,0,0,1.973,,0.000,8.860,8.882,0.000,-7.474,1.996,0.000,-40.104
C5,72,0.427,35,0,35,0,0,2.127,3,-0.175,9.138,9.093,0.000,-10.042,2.165,-0.295,-43.212
C5,72,0.452,2,0,2,0,0,2.073,3,-0.057,8.844,8.825,0.000,-8.849,2.110,-0.130,-42.027
C5,72,0.462,15,0,15,0,0,2.053,3,-0.030,8.791,8.781,0.000,-8.406,2.089,-0.085,-41.553
C#5,73,0.427,2,0,2,0,0,2.213,3,-0.497,10.163,10.061,0.000,-11.238,2.266,-0.781,-42.318
C#5,73,0.462,2,0,2,0,0,2.135,3,-0.197,9.216,9.166,0.000,-9.461,2.186,-0.376,-40.486
D5,74,0.427,31,0,31,0,0,2.303,3,-1.021,12.285,12.076,0.000,-12.618,2.372,-1.574,-45.370
D5,74,0.452,3,0,3,0,0,2.243,3,-0.651,10.747,10.616,0.000,-11.191,2.311,-1.079,-43.977
D5,74,0.462,13,0,13,0,0,2.221,3,-0.534,10.321,10.211,0.000,-10.666,2.288,-0.919,-43.411
D#5,75,0.303,6,0,6,0,0,2.806,3,-10.452,-1.162,-0.670,-1.162,-29.096,2.908,-16.816,-60.198
D#5,75,0.427,38,0,38,0,0,2.396,3,-1.799,17.021,16.502,0.000,-14.236,2.483,-2.781,-45.339
E5,76,0.278,9,9,0,0,0,3.040,3,-24.045,-16.288,-18.467,-16.288,-45.021,3.170,-11.576,-77.933
E5,76,0.427,37,0,37,0,0,2.492,3,-2.909,39.510,44.806,0.000,-16.172,2.599,-4.597,-49.070
E5,76,0.437,5,0,5,0,0,2.466,3,-2.570,28.399,26.140,0.000,-15.410,2.571,-4.102,-48.354
E5,76,0.452,1,0,1,0,0,2.428,3,-2.129,20.364,19.515,0.000,-14.350,2.531,-3.462,-47.277
E5,76,0.462,36,0,36,0,0,2.403,3,-1.874,17.769,17.187,0.000,-13.692,2.506,-3.093,-46.599
F5,77,0.427,14,0,14,0,0,2.593,3,-4.489,13.154,13.908,0.000,-18.565,2.721,-7.442,-49.961
F5,77,0.452,3,0,3,0,0,2.525,3,-3.373,23.048,24.984,0.000,-16.413,2.650,-5.636,-47.801
F5,77,0.462,2,0,2,0,0,2.500,3,-3.010,33.006,40.382,0.000,-15.650,2.623,-5.066,-47.057
F#5,78,0.427,1,0,1,0,0,2.698,3,-6.803,5.217,5.700,0.000,-21.682,2.849,-12.559,-52.991
G5,79,0.427,19,0,19,0,19,2.807,3,-10.493,-1.292,-0.804,-1.292,-26.164,2.983,-31.234,-57.499
G5,79,0.462,1,0,1,0,0,2.705,3,-6.997,4.723,5.197,0.000,-21.245,2.874,-14.156,-52.639
G#5,80,0.427,1,0,1,0,0,2.920,3,-18.058,-10.153,-9.239,-10.153,-34.511,3.123,-14.341,-65.988
A5,81,0.427,3,3,0,0,0,3.038,3,-24.466,-16.602,-18.901,-16.602,-41.703,3.270,-7.711,-73.219
A5,81,0.452,1,1,0,0,0,2.957,3,-23.516,-15.751,-14.153,-15.751,-39.723,3.183,-10.935,-71.198
A5,81,0.462,3,0,3,0,0,2.927,3,-18.839,-10.966,-9.981,-10.966,-34.653,3.151,-12.606,-66.169
A#5,82,0.427,2,0,2,0,0,3.161,3,-12.047,-2.754,-3.412,-2.754,-30.047,3.424,-4.177,-61.742
B5,83,0.427,4,0,4,0,0,3.288,3,-7.178,5.939,5.270,0.000,-25.938,3.586,-1.983,-57.249
C6,84,0.427,6,0,6,0,0,3.421,3,-4.232,21.413,19.319,0.000,-23.747,3.755,-0.657,-55.536
C#6,85,0.462,1,0,1,0,0,3.427,3,-4.128,24.262,21.551,0.000,-22.992,3.787,-0.495,-54.474
D6,86,0.427,2,0,2,0,0,3.703,3,-0.982,9.423,9.643,0.000,-21.990,4.120,-0.154,-53.493
D#6,87,0.427,1,0,1,0,0,3.852,3,-0.236,7.626,7.679,0.000,-21.982,4.315,-1.109,-53.633
E6,88,0.427,3,0,3,0,0,4.008,5,-0.001,7.813,7.738,0.000,-22.482,4.520,-3.286,-54.229
E6,88,0.437,3,0,3,0,0,3.963,3,-0.015,7.585,7.546,0.000,-22.086,4.469,-2.608,-53.802
F6,89,0.427,1,0,1,0,0,4.170,5,-0.312,10.335,10.051,0.000,-23.524,4.734,-7.843,-55.296
F#6,90,0.427,1,0,1,0,1,4.338,5,-1.286,20.187,18.744,0.000,-25.225,4.959,-23.909,-57.073
G6,91,0.462,1,0,1,0,1,4.342,5,-1.316,22.556,20.667,0.000,-24.587,4.998,-50.835,-56.537
G#6,92,0.427,1,0,1,0,0,4.695,5,-6.729,2.216,2.798,0.000,-32.115,5.443,-3.866,-64.163
A6,93,0.427,2,2,0,0,0,4.885,5,-14.877,-7.181,-6.239,-7.181,-40.980,5.702,-0.987,-73.154
A#6,94,0.427,1,1,0,0,0,5.082,5,-17.864,-6.901,-9.027,-6.901,-44.695,5.974,-0.007,-76.993
B6,95,0.427,1,0,1,0,0,5.287,5,-7.226,28.601,23.421,0.000,-34.763,6.259,-0.741,-67.126
C7,96,0.427,2,0,2,0,0,5.500,5,-3.011,8.030,8.308,0.000,-31.258,6.558,-3.882,-63.794
D7,98,0.462,1,0,1,0,1,5.720,5,-0.871,7.115,6.965,0.000,-29.136,7.027,-27.352,-61.938
E7,100,0.427,1,0,1,0,0,6.436,7,-2.216,6.639,7.090,0.000,-33.272,8.146,-0.229,-66.425
