index,time,note,velocity,verdict_rerun,verdict_0914_postA14,band_peak_dbfs,L1_plus_gain_master_db,offset_db,reason_rerun
0,0.000,E5,0.462,PASS,PASS,-46.599,-39.414,-7.185,
1,0.208,D#5,0.427,PASS,PASS,-45.339,-39.957,-5.381,
2,0.417,E5,0.427,PASS,PASS,-49.070,-41.894,-7.176,
5,1.042,B4,0.427,PASS,PASS,-41.603,-34.717,-6.886,
6,1.250,D5,0.427,PASS,PASS,-45.370,-38.340,-7.030,
7,1.458,C5,0.427,PASS,PASS,-43.212,-35.764,-7.448,
8,1.667,A4,0.462,PASS,PASS,-38.695,-31.627,-7.069,
9,1.667,A2,0.338,UNVERIFIED,UNVERIFIED,-44.421,-37.649,-6.772,f0 110.0 Hz < 167 Hz: band too narrow for +/-10 ms onset refinement (Re); pitch 
10,1.875,E3,0.303,UNVERIFIED,UNVERIFIED,-43.380,-37.078,-6.302,f0 164.8 Hz < 167 Hz: band too narrow for +/-10 ms onset refinement (Re); pitch 
11,2.083,A3,0.278,PASS,PASS,-44.560,-37.348,-7.213,
12,2.292,C4,0.427,PASS,PASS,-38.281,-31.688,-6.593,
13,2.500,E4,0.462,PASS,PASS,-36.817,-30.235,-6.582,
14,2.708,A4,0.427,PASS,PASS,-40.002,-32.970,-7.032,
16,2.917,E2,0.303,UNVERIFIED,UNVERIFIED,-47.532,-40.033,-7.499,f0 82.4 Hz < 167 Hz: band too narrow for +/-10 ms onset refinement (Re); pitch v
18,3.333,G#3,0.313,PASS,PASS,-42.518,-36.007,-6.511,
19,3.542,E4,0.427,PASS,PASS,-37.901,-31.305,-6.596,
20,3.750,G#4,0.427,PASS,PASS,-39.384,-32.235,-7.149,
22,4.167,C5,0.462,PASS,PASS,-41.553,-34.127,-7.425,
52,9.583,A3,0.303,PASS,PASS,-43.466,-36.273,-7.193,
61,11.250,C3,0.303,UNVERIFIED,UNVERIFIED,-45.222,-37.975,-7.247,f0 130.8 Hz < 167 Hz: band too narrow for +/-10 ms onset refinement (Re); pitch 
62,11.458,G3,0.303,PASS,PASS,-43.628,-36.538,-7.090,
63,11.667,C4,0.313,PASS,PASS,-42.247,-35.640,-6.606,
64,11.875,G4,0.427,PASS,PASS,-38.684,-31.576,-7.108,
65,12.083,F5,0.427,PASS,PASS,-49.961,-44.287,-5.674,
67,12.500,D5,0.462,PASS,PASS,-43.411,-36.388,-7.023,
68,12.500,G2,0.338,UNVERIFIED,UNVERIFIED,-44.553,-38.188,-6.365,f0 98.0 Hz < 167 Hz: band too narrow for +/-10 ms onset refinement (Re); pitch v
70,12.917,B3,0.278,PASS,PASS,-44.897,-37.256,-7.641,
71,13.125,F4,0.427,PASS,PASS,-37.948,-31.295,-6.653,
75,13.750,A2,0.303,UNVERIFIED,UNVERIFIED,-45.455,-38.726,-6.729,f0 110.0 Hz < 167 Hz: band too narrow for +/-10 ms onset refinement (Re); pitch 
77,14.167,A3,0.313,PASS,PASS,-43.077,-35.875,-7.202,
81,15.000,B4,0.462,PASS,PASS,-40.104,-33.196,-6.908,
82,15.000,E2,0.338,UNVERIFIED,UNVERIFIED,-46.528,-39.000,-7.528,f0 82.4 Hz < 167 Hz: band too narrow for +/-10 ms onset refinement (Re); pitch v
84,15.417,E4,0.278,PASS,PASS,-44.435,-37.846,-6.589,
86,15.833,E5,0.437,PASS,PASS,-48.354,-41.132,-7.223,
87,16.042,E4,0.303,PASS,PASS,-42.998,-36.417,-6.581,
88,16.250,E5,0.278,FAIL,FAIL,-77.888,-70.742,-7.145,no onset in near-silent fundamental band 639.7-679.3 Hz (pre-onset floor -186.3 
90,16.667,E6,0.437,PASS,PASS,-53.802,-47.808,-5.994,
91,16.875,D#5,0.303,PASS,PASS,-60.198,-54.818,-5.380,
92,17.083,E5,0.278,FAIL,FAIL,-77.893,-70.742,-7.151,no onset in near-silent fundamental band 639.7-679.3 Hz (pre-onset floor -240.0 
96,17.917,E5,0.278,FAIL,FAIL,-77.931,-70.742,-7.188,no onset in near-silent fundamental band 639.7-679.3 Hz (pre-onset floor -177.8 
157,29.167,A3,0.338,PASS,PASS,-42.146,-34.947,-7.199,
159,29.375,C5,0.452,PASS,PASS,-42.027,-34.571,-7.456,
160,29.375,A#3,0.303,PASS,PASS,-42.605,-36.178,-6.428,
161,29.375,C4,0.328,PASS,PASS,-41.610,-35.019,-6.591,
171,29.792,C4,0.303,PASS,PASS,-42.674,-36.078,-6.596,
175,30.000,F3,0.338,PASS,PASS,-43.058,-35.673,-7.385,
179,30.833,F5,0.462,PASS,PASS,-47.057,-41.372,-5.685,
180,30.833,C4,0.338,PASS,PASS,-41.260,-34.625,-6.635,
182,31.146,E5,0.452,PASS,PASS,-47.277,-40.071,-7.206,
184,31.250,F3,0.303,PASS,PASS,-44.270,-36.882,-7.388,
187,31.667,D4,0.338,PASS,PASS,-42.345,-34.574,-7.771,
189,32.083,A#5,0.427,PASS,PASS,-61.742,-55.769,-5.974,
190,32.083,D4,0.303,PASS,PASS,-43.903,-36.144,-7.759,
192,32.396,A5,0.452,FAIL,FAIL,-71.198,-65.445,-5.753,no onset in near-silent fundamental band 853.3-906.0 Hz (pre-onset floor -172.6 
193,32.500,A5,0.462,PASS,PASS,-66.082,-60.375,-5.708,
195,32.708,G5,0.427,PASS,PASS,-57.499,-51.886,-5.613,
205,33.333,G3,0.338,PASS,PASS,-42.321,-35.276,-7.045,
206,33.333,A#3,0.338,PASS,PASS,-41.262,-34.814,-6.448,
209,33.750,A#4,0.427,PASS,PASS,-40.656,-33.792,-6.864,
238,37.083,D3,0.303,UNVERIFIED,UNVERIFIED,-44.153,-37.507,-6.645,f0 146.8 Hz < 167 Hz: band too narrow for +/-10 ms onset refinement (Re); pitch 
249,38.542,F4,0.303,PASS,PASS,-43.317,-36.652,-6.665,
261,39.375,G4,0.328,PASS,PASS,-43.135,-36.046,-7.089,
274,40.000,E4,0.338,PASS,PASS,-41.286,-34.697,-6.590,
275,40.000,G4,0.338,PASS,PASS,-42.589,-35.499,-7.091,
277,40.208,C6,0.427,PASS,PASS,-55.536,-49.468,-6.068,
278,40.312,B5,0.427,PASS,PASS,-57.249,-51.659,-5.590,
279,40.417,A5,0.427,FAIL,FAIL,-73.219,-67.425,-5.794,no onset in near-silent fundamental band 854.0-906.8 Hz (pre-onset floor -240.0 
287,40.833,B3,0.338,PASS,PASS,-42.385,-34.705,-7.680,
318,42.917,A5,0.427,FAIL,FAIL,-73.208,-67.425,-5.783,no onset in near-silent fundamental band 854.0-906.8 Hz (pre-onset floor -185.6 
326,43.333,B3,0.363,PASS,PASS,-41.469,-33.813,-7.656,
331,43.750,G#3,0.278,PASS,PASS,-43.949,-37.439,-6.510,
440,63.750,E5,0.278,FAIL,FAIL,-77.880,-70.742,-7.138,no onset in near-silent fundamental band 639.7-679.3 Hz (pre-onset floor -240.0 
444,64.583,E5,0.278,FAIL,FAIL,-77.834,-70.742,-7.092,no onset in near-silent fundamental band 639.7-679.3 Hz (pre-onset floor -176.7 
448,65.417,E5,0.278,FAIL,FAIL,-77.848,-70.742,-7.105,no onset in near-silent fundamental band 639.7-679.3 Hz (pre-onset floor -180.1 
499,75.000,A4,0.437,PASS,PASS,-39.638,-32.568,-7.070,
500,75.000,A2,0.363,UNVERIFIED,UNVERIFIED,-43.724,-36.952,-6.773,f0 110.0 Hz < 167 Hz: band too narrow for +/-10 ms onset refinement (Re); pitch 
501,75.208,A2,0.328,UNVERIFIED,UNVERIFIED,-44.705,-37.943,-6.762,f0 110.0 Hz < 167 Hz: band too narrow for +/-10 ms onset refinement (Re); pitch 
509,76.250,C#5,0.427,PASS,PASS,-42.318,-36.960,-5.358,
516,77.500,F4,0.462,PASS,PASS,-36.883,-30.183,-6.700,
523,78.333,C#5,0.462,PASS,PASS,-40.486,-35.183,-5.304,
526,78.542,D5,0.452,PASS,PASS,-43.977,-36.913,-7.064,
527,78.542,F5,0.452,PASS,PASS,-47.801,-42.135,-5.666,
552,81.250,D2,0.328,UNVERIFIED,UNVERIFIED,-46.033,-39.813,-6.220,f0 73.4 Hz < 167 Hz: band too narrow for +/-10 ms onset refinement (Re); pitch v
556,81.667,D2,0.363,UNVERIFIED,UNVERIFIED,-45.105,-38.871,-6.233,f0 73.4 Hz < 167 Hz: band too narrow for +/-10 ms onset refinement (Re); pitch v
564,82.292,D4,0.427,PASS,PASS,-39.193,-31.437,-7.756,
566,82.292,D2,0.303,UNVERIFIED,UNVERIFIED,-46.797,-40.553,-6.244,f0 73.4 Hz < 167 Hz: band too narrow for +/-10 ms onset refinement (Re); pitch v
568,82.500,C4,0.462,PASS,PASS,-37.333,-30.742,-6.591,
569,82.500,F#4,0.462,PASS,PASS,-37.054,-30.169,-6.885,
571,82.500,D#2,0.363,UNVERIFIED,UNVERIFIED,-45.039,-38.602,-6.437,f0 77.8 Hz < 167 Hz: band too narrow for +/-10 ms onset refinement (Re); pitch v
573,82.708,D#2,0.328,UNVERIFIED,UNVERIFIED,-46.014,-39.549,-6.465,f0 77.8 Hz < 167 Hz: band too narrow for +/-10 ms onset refinement (Re); pitch v
579,83.333,C4,0.487,PASS,PASS,-36.719,-30.120,-6.598,
580,83.333,A4,0.487,PASS,PASS,-37.790,-30.763,-7.028,
583,83.542,D#2,0.303,UNVERIFIED,UNVERIFIED,-46.849,-40.294,-6.556,f0 77.8 Hz < 167 Hz: band too narrow for +/-10 ms onset refinement (Re); pitch v
587,83.750,E2,0.328,UNVERIFIED,UNVERIFIED,-46.764,-39.283,-7.480,f0 82.4 Hz < 167 Hz: band too narrow for +/-10 ms onset refinement (Re); pitch v
593,84.167,E2,0.363,UNVERIFIED,UNVERIFIED,-45.815,-38.330,-7.485,f0 82.4 Hz < 167 Hz: band too narrow for +/-10 ms onset refinement (Re); pitch v
600,84.583,G#2,0.328,UNVERIFIED,UNVERIFIED,-45.234,-38.210,-7.024,f0 103.8 Hz < 167 Hz: band too narrow for +/-10 ms onset refinement (Re); pitch 
602,84.792,G#2,0.303,UNVERIFIED,UNVERIFIED,-46.008,-38.984,-7.024,f0 103.8 Hz < 167 Hz: band too narrow for +/-10 ms onset refinement (Re); pitch 
605,85.000,A1,0.338,UNVERIFIED,UNVERIFIED,-46.494,-40.799,-5.695,f0 55.0 Hz < 167 Hz: band too narrow for +/-10 ms onset refinement (Re); pitch v
647,90.000,A#2,0.363,UNVERIFIED,UNVERIFIED,-42.918,-36.678,-6.241,f0 116.5 Hz < 167 Hz: band too narrow for +/-10 ms onset refinement (Re); pitch 
648,90.208,A#2,0.328,UNVERIFIED,UNVERIFIED,-43.917,-37.680,-6.237,f0 116.5 Hz < 167 Hz: band too narrow for +/-10 ms onset refinement (Re); pitch 
662,92.292,D#4,0.427,PASS,PASS,-38.301,-31.354,-6.947,
665,92.500,D4,0.462,PASS,PASS,-38.189,-30.436,-7.753,
667,92.500,A#4,0.462,PASS,PASS,-39.229,-32.367,-6.862,
672,93.333,D4,0.487,PASS,PASS,-37.532,-29.780,-7.753,
673,93.333,F4,0.487,PASS,PASS,-36.115,-29.459,-6.657,
676,93.542,A#2,0.303,UNVERIFIED,UNVERIFIED,-44.709,-38.471,-6.238,f0 116.5 Hz < 167 Hz: band too narrow for +/-10 ms onset refinement (Re); pitch 
680,93.750,B2,0.328,UNVERIFIED,UNVERIFIED,-44.010,-37.420,-6.590,f0 123.5 Hz < 167 Hz: band too narrow for +/-10 ms onset refinement (Re); pitch 
682,94.167,B2,0.363,UNVERIFIED,UNVERIFIED,-43.003,-36.407,-6.597,f0 123.5 Hz < 167 Hz: band too narrow for +/-10 ms onset refinement (Re); pitch 
688,94.792,B2,0.303,UNVERIFIED,UNVERIFIED,-44.864,-38.220,-6.643,f0 123.5 Hz < 167 Hz: band too narrow for +/-10 ms onset refinement (Re); pitch 
689,95.000,C4,0.437,PASS,PASS,-38.014,-31.408,-6.606,
690,95.000,E4,0.437,PASS,PASS,-37.589,-30.987,-6.602,
692,95.000,C3,0.313,UNVERIFIED,UNVERIFIED,-44.896,-37.642,-7.254,f0 130.8 Hz < 167 Hz: band too narrow for +/-10 ms onset refinement (Re); pitch 
693,96.250,E4,0.402,PASS,PASS,-38.730,-32.148,-6.582,
694,96.250,B4,0.402,PASS,PASS,-42.803,-35.948,-6.855,
695,96.250,E3,0.278,UNVERIFIED,UNVERIFIED,-44.349,-38.031,-6.318,f0 164.8 Hz < 167 Hz: band too narrow for +/-10 ms onset refinement (Re); pitch 
697,97.500,A3,0.462,PASS,PASS,-38.534,-31.349,-7.185,
698,97.500,A1,0.313,UNVERIFIED,UNVERIFIED,-47.283,-41.498,-5.785,f0 55.0 Hz < 167 Hz: band too narrow for +/-10 ms onset refinement (Re); pitch v
705,98.333,A3,0.363,PASS,PASS,-41.328,-34.102,-7.226,
706,98.333,C4,0.363,PASS,PASS,-40.312,-33.706,-6.607,
707,98.333,E4,0.363,PASS,PASS,-40.226,-33.624,-6.602,
712,98.750,C4,0.278,PASS,PASS,-43.862,-37.265,-6.597,
716,99.167,A5,0.462,PASS,PASS,-66.085,-60.375,-5.710,
718,99.444,E6,0.427,PASS,PASS,-54.229,-48.204,-6.025,
719,99.583,D6,0.427,PASS,PASS,-53.493,-47.711,-5.782,
720,99.583,A3,0.328,PASS,PASS,-42.498,-35.307,-7.191,
722,99.583,E4,0.328,PASS,PASS,-41.742,-35.160,-6.582,
725,100.000,A5,0.462,PASS,PASS,-66.169,-60.375,-5.795,
728,100.000,E4,0.313,PASS,PASS,-42.485,-35.896,-6.589,
731,100.417,A6,0.427,FAIL,FAIL,-73.154,-66.702,-6.452,no onset in near-silent fundamental band 1706.8-1812.4 Hz (pre-onset floor -240.
732,100.556,C7,0.427,PASS,PASS,-63.794,-56.980,-6.814,
733,100.694,E7,0.427,PASS,PASS,-66.425,-58.994,-7.431,
734,100.833,D7,0.462,PASS,PASS,-61.938,-54.857,-7.081,
739,101.111,B6,0.427,PASS,PASS,-67.126,-60.484,-6.642,
740,101.250,A#6,0.427,FAIL,FAIL,-76.993,-70.417,-6.576,no onset in near-silent fundamental band 1809.3-1921.2 Hz (pre-onset floor -179.
744,101.389,A6,0.427,FAIL,FAIL,-73.017,-66.702,-6.315,no onset in near-silent fundamental band 1706.8-1812.4 Hz (pre-onset floor -175.
745,101.528,G#6,0.427,PASS,PASS,-64.163,-57.837,-6.326,
746,101.667,G6,0.462,PASS,PASS,-56.537,-50.309,-6.228,
747,101.806,F#6,0.427,PASS,PASS,-57.073,-50.947,-6.126,
748,101.944,F6,0.427,PASS,PASS,-55.296,-49.246,-6.049,
750,102.222,D#6,0.427,PASS,PASS,-53.633,-47.704,-5.929,
752,102.500,C#6,0.462,PASS,PASS,-54.474,-48.714,-5.760,
756,103.056,A5,0.427,FAIL,FAIL,-73.054,-67.425,-5.629,no onset in near-silent fundamental band 854.0-906.8 Hz (pre-onset floor -185.5 
757,103.194,G#5,0.427,PASS,PASS,-65.988,-60.232,-5.756,
758,103.333,G5,0.462,PASS,PASS,-52.639,-46.967,-5.672,
759,103.472,F#5,0.427,PASS,PASS,-52.991,-47.403,-5.588,
843,118.750,E5,0.278,FAIL,FAIL,-77.905,-70.742,-7.162,no onset in near-silent fundamental band 639.7-679.3 Hz (pre-onset floor -180.7 
847,119.583,E5,0.278,FAIL,FAIL,-77.933,-70.742,-7.190,no onset in near-silent fundamental band 639.7-679.3 Hz (pre-onset floor -187.5 
851,120.417,E5,0.278,FAIL,FAIL,-77.911,-70.742,-7.168,no onset in near-silent fundamental band 639.7-679.3 Hz (pre-onset floor -236.4 
904,130.000,A2,0.313,UNVERIFIED,UNVERIFIED,-45.132,-38.405,-6.727,f0 110.0 Hz < 167 Hz: band too narrow for +/-10 ms onset refinement (Re); pitch 
