note,midi,count_in_score,verdict_0914,which,velocity,delta_velocity,level_change_db_from_velocity,x1,null_depth_db,n1n2_dump_db,L1_db,stem_band_pred_dbfs
D#5,75,6,FAIL 0 / PASS 6,original,0.303,0.000,0.000,2.806,-10.452,-1.162,-29.096,-61.486
D#5,75,6,FAIL 0 / PASS 6,down,0.227,-0.076,-2.508,3.205,-9.987,-0.218,-33.744,-66.133
D#5,75,6,FAIL 0 / PASS 6,up,0.306,0.003,0.086,2.793,-9.920,-0.386,-28.388,-60.777
E5,76,9,FAIL 9 / PASS 0,original,0.278,0.000,0.000,3.040,-24.045,-16.288,-45.021,-77.410
E5,76,9,FAIL 9 / PASS 0,down,0.248,-0.030,-0.992,3.205,-9.996,-0.187,-32.982,-65.372
E5,76,9,FAIL 9 / PASS 0,up,0.334,0.056,1.594,2.793,-9.892,-0.362,-27.595,-59.985
G5,79,19,FAIL 0 / PASS 19,original,0.427,0.000,0.000,2.807,-10.493,-1.292,-26.164,-58.554
G5,79,19,FAIL 0 / PASS 19,down,0.321,-0.106,-2.478,3.208,-9.854,0.207,-30.621,-63.010
G5,79,19,FAIL 0 / PASS 19,up,0.431,0.004,0.081,2.795,-9.977,-0.551,-25.480,-57.870
G#5,80,1,FAIL 0 / PASS 1,original,0.427,0.000,0.000,2.920,-18.058,-10.153,-34.511,-66.900
G#5,80,1,FAIL 0 / PASS 1,down,0.350,-0.077,-1.727,3.207,-9.927,0.167,-29.931,-62.321
G#5,80,1,FAIL 0 / PASS 1,up,0.469,0.042,0.815,2.794,-9.955,-0.545,-24.721,-57.110
A5,81,3,FAIL 3 / PASS 0,original,0.427,0.000,0.000,3.038,-24.466,-16.602,-41.703,-74.093
A5,81,3,FAIL 3 / PASS 0,down,0.381,-0.046,-0.990,3.206,-9.944,0.223,-29.209,-61.599
A5,81,3,FAIL 3 / PASS 0,up,0.510,0.083,1.543,2.794,-9.932,-0.540,-23.965,-56.355
A5,81,1,FAIL 1 / PASS 0,original,0.452,0.000,0.000,2.957,-23.516,-15.751,-39.723,-72.113
A5,81,1,FAIL 1 / PASS 0,down,0.381,-0.071,-1.484,3.206,-9.944,0.223,-29.209,-61.599
A5,81,1,FAIL 1 / PASS 0,up,0.510,0.058,1.049,2.794,-9.932,-0.540,-23.965,-56.355
A5,81,3,FAIL 0 / PASS 3,original,0.462,0.000,0.000,2.927,-18.839,-10.966,-34.653,-67.043
A5,81,3,FAIL 0 / PASS 3,down,0.381,-0.081,-1.674,3.206,-9.944,0.223,-29.209,-61.599
A5,81,3,FAIL 0 / PASS 3,up,0.510,0.048,0.859,2.794,-9.932,-0.540,-23.965,-56.355
A#5,82,2,FAIL 0 / PASS 2,original,0.427,0.000,0.000,3.161,-12.047,-2.754,-30.047,-62.436
A#5,82,2,FAIL 0 / PASS 2,down,0.414,-0.013,-0.269,3.207,-9.893,0.400,-28.444,-60.834
A#5,82,2,FAIL 0 / PASS 2,up,0.554,0.127,2.262,2.793,-9.930,-0.567,-23.245,-55.634
A6,93,2,FAIL 2 / PASS 0,original,0.427,0.000,0.000,4.885,-14.877,-7.181,-40.980,-73.370
A6,93,2,FAIL 2 / PASS 0,down,0.375,-0.052,-1.128,5.209,-9.845,5.933,-38.242,-70.631
A6,93,2,FAIL 2 / PASS 0,up,0.444,0.017,0.339,4.791,-9.835,-2.045,-35.249,-67.639
A#6,94,1,FAIL 1 / PASS 0,original,0.427,0.000,0.000,5.082,-17.864,-6.901,-44.695,-77.085
A#6,94,1,FAIL 1 / PASS 0,down,0.406,-0.021,-0.438,5.210,-9.772,7.574,-37.483,-69.873
A#6,94,1,FAIL 1 / PASS 0,up,0.480,0.053,1.016,4.795,-9.987,-2.220,-34.736,-67.126
