id,kind,group,score,score_exists,in_corpus,beam_events,via,materials,exciters,midi_min,midi_max,dur_min_s,dur_max_s,thickness_mm,freq_mode
fur_elise_complete,music,classical,scores/classical/fur_elise/fur_elise_complete.score.json,True,True,0,,,,,,,,,
fur_elise_complete_cimbalom,music,classical,scores/classical/fur_elise/fur_elise_complete_cimbalom.score.json,True,True,0,,,,,,,,,
ai_radiance_complete,music,originals,scores/originals/ai_radiance/ai_radiance_complete.score.json,True,True,64,layer:ai_radiance_m1.score.json×16;layer:ai_radiance_m3.score.json×16;layer:ai_radiance_m4.score.json×32,bamboo×16;glass×40;steel×8,finger×16;finger_tap×40;metal_tip×8,77,89,0.270,1.198,1.3×8;1.48×8;1.6600000000000001×8;1.8×16;1.84×8;2.2×5;2.45×6;2.7×5,(default)×64
ai_radiance_m1,music,originals,scores/originals/ai_radiance/ai_radiance_m1.score.json,True,True,16,direct×16,glass×8;steel×8,finger×16,78,80,0.648,0.648,2.2×5;2.45×6;2.7×5,(default)×16
ai_radiance_m2,music,originals,scores/originals/ai_radiance/ai_radiance_m2.score.json,True,True,0,,,,,,,,,
ai_radiance_m3,music,originals,scores/originals/ai_radiance/ai_radiance_m3.score.json,True,True,16,direct×16,bamboo×16,finger_tap×16,77,88,1.198,1.198,1.8×16,(default)×16
ai_radiance_m4,music,originals,scores/originals/ai_radiance/ai_radiance_m4.score.json,True,True,32,direct×32,glass×32,finger_tap×24;metal_tip×8,77,89,0.270,0.492,1.3×8;1.48×8;1.6600000000000001×8;1.84×8,(default)×32
akashic_loop_001,sfx,akashic,scores/library/akashic/akashic_loop_001.score.json,True,True,0,,,,,,,,,
akashic_ambient_001,sfx,akashic,scores/library/akashic/akashic_ambient_001.score.json,True,True,0,,,,,,,,,
akashic_action_001,sfx,akashic,scores/library/akashic/akashic_action_001.score.json,True,True,0,,,,,,,,,
akashic_transition_var01,sfx,akashic,scores/library/akashic/akashic_transition_var01.score.json,True,True,0,,,,,,,,,
akashic_transition_001,sfx,akashic,scores/library/akashic/akashic_transition_001.score.json,True,True,0,,,,,,,,,
akashic_ui_001,sfx,akashic,scores/library/akashic/akashic_ui_001.score.json,True,True,1,direct×1,glass×1,hard_plastic×1,96,96,0.300,0.300,1.0×1,(default)×1
akashic_notify_001,sfx,akashic,scores/library/akashic/akashic_notify_001.score.json,True,True,2,direct×2,glass×2,wood_mallet×2,88,93,1.200,1.500,1.5×2,(default)×2
akashic_opening_bell_001,sfx,akashic,scores/library/akashic/akashic_opening_bell_001.score.json,True,True,7,direct×7,steel×7,felt_mallet×2;finger×5,62,76,3.500,5.000,2.0×1;2.5×6,(default)×7
clockwork_ambient_001,sfx,clockwork,scores/library/clockwork/clockwork_ambient_001.score.json,True,True,6,direct×6,brass×6,metal_tip×6,77,77,0.050,0.050,2.0×6,(default)×6
clockwork_transition_001,sfx,clockwork,scores/library/clockwork/clockwork_transition_001.score.json,True,True,4,direct×4,brass×4,metal_tip×4,60,72,0.250,0.400,2.5×1;3.0×1;3.5×1;4.0×1,(default)×4
clockwork_loop_001,sfx,clockwork,scores/library/clockwork/clockwork_loop_001.score.json,True,True,10,direct×10,brass×10,metal_tip×10,77,88,0.050,0.080,1.5×2;2.0×8,(default)×10
clockwork_action_001,sfx,clockwork,scores/library/clockwork/clockwork_action_001.score.json,True,True,1,direct×1,brass×1,metal_hammer×1,65,65,0.200,0.200,5.0×1,(default)×1
clockwork_notify_var01,sfx,clockwork,scores/library/clockwork/clockwork_notify_var01.score.json,True,True,1,direct×1,brass×1,metal_hammer×1,76,76,1.000,1.000,3.0×1,(default)×1
clockwork_ui_001,sfx,clockwork,scores/library/clockwork/clockwork_ui_001.score.json,True,True,1,direct×1,brass×1,metal_tip×1,74,74,0.060,0.060,4.0×1,(default)×1
clockwork_notify_001,sfx,clockwork,scores/library/clockwork/clockwork_notify_001.score.json,True,True,1,direct×1,brass×1,metal_hammer×1,76,76,1.000,1.000,3.0×1,(default)×1
forest_loop_001,sfx,forest,scores/library/forest/forest_loop_001.score.json,True,True,16,direct×16,bamboo×16,finger_tap×16,78,90,0.800,0.800,1.5×3;1.8×5;2.0×7;2.2×1,(default)×16
forest_ambient_001,sfx,forest,scores/library/forest/forest_ambient_001.score.json,True,True,6,direct×6,bamboo×6,finger_tap×6,79,90,1.500,1.800,1.5×1;1.8×2;2.0×2;2.2×1,(default)×6
forest_action_001,sfx,forest,scores/library/forest/forest_action_001.score.json,True,True,2,direct×2,wood_oak×2,hard_strike×2,60,67,0.080,0.120,3.0×1;6.0×1,(default)×2
forest_notify_001,sfx,forest,scores/library/forest/forest_notify_001.score.json,True,True,2,direct×2,bamboo×2,wood_mallet×2,95,100,0.400,0.500,1.5×1;2.0×1,(default)×2
forest_notify_var01,sfx,forest,scores/library/forest/forest_notify_var01.score.json,True,True,3,direct×3,bamboo×3,hard_plastic×3,100,104,0.200,0.300,1.2×1;1.5×2,(default)×3
forest_ui_001,sfx,forest,scores/library/forest/forest_ui_001.score.json,True,True,1,direct×1,wood_oak×1,wood_mallet×1,77,77,0.100,0.100,8.0×1,(default)×1
forest_transition_001,sfx,forest,scores/library/forest/forest_transition_001.score.json,True,True,4,direct×4,wood_birch×4,brush×4,74,81,1.000,1.500,2.0×1;2.5×1;3.0×2,(default)×4
ocean_loop_001,sfx,ocean,scores/library/ocean/ocean_loop_001.score.json,True,True,2,direct×2,glass×2,finger_tap×2,79,81,0.300,0.300,1.0×2,(default)×2
ocean_ambient_001,sfx,ocean,scores/library/ocean/ocean_ambient_001.score.json,True,True,0,,,,,,,,,
ocean_action_001,sfx,ocean,scores/library/ocean/ocean_action_001.score.json,True,True,0,,,,,,,,,
ocean_ui_001,sfx,ocean,scores/library/ocean/ocean_ui_001.score.json,True,True,1,direct×1,glass×1,finger_tap×1,81,81,0.150,0.150,1.5×1,(default)×1
ocean_notify_001,sfx,ocean,scores/library/ocean/ocean_notify_001.score.json,True,True,1,direct×1,glass×1,finger_tap×1,84,84,0.300,0.300,1.0×1,(default)×1
ocean_notify_var01,sfx,ocean,scores/library/ocean/ocean_notify_var01.score.json,True,True,1,direct×1,glass×1,rubber_mallet×1,72,72,0.500,0.500,2.0×1,(default)×1
ocean_transition_001,sfx,ocean,scores/library/ocean/ocean_transition_001.score.json,True,True,1,direct×1,aluminum×1,cotton_mallet×1,74,74,2.000,2.000,1.0×1,(default)×1
rabbit_ambient_001,sfx,rabbit,scores/library/rabbit/rabbit_ambient_001.score.json,True,True,5,direct×5,aluminum×5,cotton_mallet×5,84,93,2.000,2.500,1.5×5,(default)×5
rabbit_action_001,sfx,rabbit,scores/library/rabbit/rabbit_action_001.score.json,True,True,0,,,,,,,,,
rabbit_loop_001,sfx,rabbit,scores/library/rabbit/rabbit_loop_001.score.json,True,True,8,direct×8,aluminum×8,hard_plastic×8,79,88,0.200,0.300,2.0×8,(default)×8
rabbit_notify_001,sfx,rabbit,scores/library/rabbit/rabbit_notify_001.score.json,True,True,1,direct×1,aluminum×1,wood_mallet×1,91,91,0.800,0.800,1.8×1,(default)×1
rabbit_notify_var01,sfx,rabbit,scores/library/rabbit/rabbit_notify_var01.score.json,True,True,1,direct×1,steel×1,metal_mallet×1,91,91,0.600,0.600,1.8×1,(default)×1
rabbit_ui_001,sfx,rabbit,scores/library/rabbit/rabbit_ui_001.score.json,True,True,1,direct×1,wood_maple×1,wood_mallet×1,81,81,0.150,0.150,4.0×1,(default)×1
rabbit_transition_001,sfx,rabbit,scores/library/rabbit/rabbit_transition_001.score.json,True,True,3,direct×3,aluminum×3,hard_plastic×3,84,93,0.500,0.600,2.0×3,(default)×3
restraint_ambient_001,sfx,restraint,scores/library/restraint/restraint_ambient_001.score.json,True,True,0,,,,,,,,,
restraint_action_001,sfx,restraint,scores/library/restraint/restraint_action_001.score.json,True,True,0,,,,,,,,,
restraint_loop_001,sfx,restraint,scores/library/restraint/restraint_loop_001.score.json,True,True,4,direct×4,steel×4,metal_tip×4,55,57,0.150,0.150,4.0×4,(default)×4
restraint_notify_001,sfx,restraint,scores/library/restraint/restraint_notify_001.score.json,True,True,2,direct×2,steel×2,metal_hammer×2,64,71,0.200,0.300,2.5×1;3.5×1,(default)×2
restraint_notify_var01,sfx,restraint,scores/library/restraint/restraint_notify_var01.score.json,True,True,2,direct×2,steel×2,metal_hammer×2,64,71,0.200,0.300,2.5×1;3.5×1,(default)×2
restraint_ui_001,sfx,restraint,scores/library/restraint/restraint_ui_001.score.json,True,True,1,direct×1,steel×1,metal_tip×1,55,55,0.080,0.080,5.0×1,(default)×1
restraint_transition_001,sfx,restraint,scores/library/restraint/restraint_transition_001.score.json,True,True,0,,,,,,,,,
