score,beam_events,t_last_off_s,sha_base,sha_nox2,identical,len_base_s,len_nox2_s,rms_base,rms_nox2,d_rms_db,peak_base,peak_nox2,d_peak_db,tail_s_base,tail_s_nox2,tail_e_base_db,tail_e_nox2_db,d_tail_e_db,product_id,master_sha,base_equals_master
scores/examples/akashic_bell.score.json,0,7.200,830d2089427a9c323233e984d271ad1e60f5199442c0b7bd0fc510ad58e4f55f,830d2089427a9c323233e984d271ad1e60f5199442c0b7bd0fc510ad58e4f55f,True,14.645,14.645,-27.001,-27.001,+0.000,-0.446,-0.446,+0.000,7.445,7.445,-88.123,-88.123,+0.000,,,
scores/examples/epiano_3stack_test.score.json,0,7.750,67f6bc4200eab8a37db940de5356763be3b8c82d2bb981ee3e667766241b23e8,67f6bc4200eab8a37db940de5356763be3b8c82d2bb981ee3e667766241b23e8,True,11.865,11.865,-14.904,-14.904,+0.000,-0.446,-0.446,+0.000,4.115,4.115,-27.329,-27.329,+0.000,,,
scores/examples/fur_elise_opening.score.json,0,3.105,b0877774da9e5fc5e2134d8c1db57cb382e19cfa0d87e47c1784020cbcf9c9c5,b0877774da9e5fc5e2134d8c1db57cb382e19cfa0d87e47c1784020cbcf9c9c5,True,6.780,6.780,-17.549,-17.549,+0.000,-0.446,-0.446,+0.000,3.675,3.675,-33.874,-33.874,+0.000,,,
scores/examples/layered_transition.score.json,0,10.077,a11756195de3e64e756d91069a10f27815bfb60d768bc2dc5c8c47f61110a207,a11756195de3e64e756d91069a10f27815bfb60d768bc2dc5c8c47f61110a207,True,13.835,13.835,-25.810,-25.810,+0.000,-0.446,-0.446,+0.000,3.759,3.759,-44.960,-44.960,+0.000,,,
scores/examples/moonlight_sonata_complete.score.json,0,871.579,a628a3b6e28913856f90cb5607eb178265c6e56c73bd4e00db7f018d3c062e75,a628a3b6e28913856f90cb5607eb178265c6e56c73bd4e00db7f018d3c062e75,True,879.104,879.104,-21.708,-21.708,+0.000,-0.446,-0.446,+0.000,7.525,7.525,-22.031,-22.031,+0.000,,,
scores/examples/moonlight_sonata_movement1_yangqin.score.json,0,308.672,49514b007e3e01fc8f9bf2c18b96e92f29ac26975a1f07641df08db48f5a687e,49514b007e3e01fc8f9bf2c18b96e92f29ac26975a1f07641df08db48f5a687e,True,317.495,317.495,-23.906,-23.906,+0.000,-0.446,-0.446,+0.000,8.823,8.823,-56.800,-56.800,+0.000,,,
scores/examples/physical_piano.score.json,0,4.800,1233b53f1e8660bcb46277da814c62190c8f283e20d57ae8297fb865878fc55b,1233b53f1e8660bcb46277da814c62190c8f283e20d57ae8297fb865878fc55b,True,7.575,7.575,-18.485,-18.485,+0.000,-0.446,-0.446,+0.000,2.775,2.775,-75.336,-75.336,+0.000,,,
scores/examples/restraint_metal_click.score.json,0,1.370,be634798c4a0bf71009c73d4b7b9be495889744aa9ef95d1260d67ff15e47d3a,be634798c4a0bf71009c73d4b7b9be495889744aa9ef95d1260d67ff15e47d3a,True,4.929,4.929,-32.151,-32.151,+0.000,-0.446,-0.446,+0.000,3.559,3.559,-49.549,-49.549,+0.000,,,
scores/examples/water_gong_clamped.score.json,0,5.700,00764a8d8eda215e5a6d46971f51778b2527e0a10926ed76320a1f106b3b8199,00764a8d8eda215e5a6d46971f51778b2527e0a10926ed76320a1f106b3b8199,True,10.075,10.075,-20.519,-20.519,+0.000,-0.446,-0.446,+0.000,4.375,4.375,-57.480,-57.480,+0.000,,,
scores/examples/water_gong_free.score.json,0,5.700,31b539c6ac08d942970e9d9c042b5ac3b0749c0d25ee0091bb51534ecd8ebff9,31b539c6ac08d942970e9d9c042b5ac3b0749c0d25ee0091bb51534ecd8ebff9,True,10.075,10.075,-25.021,-25.021,+0.000,-0.446,-0.446,+0.000,4.375,4.375,-67.438,-67.438,+0.000,,,
scores/classical/fur_elise/fur_elise_complete.score.json,0,130.383,3a444ccfa346b6f9bf3cb9136202f7df29cc8968c52f59f367ca251d0aa84a79,3a444ccfa346b6f9bf3cb9136202f7df29cc8968c52f59f367ca251d0aa84a79,True,133.389,133.389,-22.691,-22.691,+0.000,-0.446,-0.446,+0.000,3.006,3.006,-33.979,-33.979,+0.000,fur_elise_complete,3a444ccfa346b6f9bf3cb9136202f7df29cc8968c52f59f367ca251d0aa84a79,True
scores/classical/fur_elise/fur_elise_complete_cimbalom.score.json,0,130.383,7c599ecee2717d7e7de1e4895d9e1fee327332d08bbe658e01708b049c5be80d,7c599ecee2717d7e7de1e4895d9e1fee327332d08bbe658e01708b049c5be80d,True,133.389,133.389,-24.354,-24.354,+0.000,-0.446,-0.446,+0.000,3.006,3.006,-39.411,-39.411,+0.000,fur_elise_complete_cimbalom,7c599ecee2717d7e7de1e4895d9e1fee327332d08bbe658e01708b049c5be80d,True
scores/classical/vivaldi_four_seasons/autumn/vivaldi_four_seasons_autumn_m1.score.json,0,229.945,8f106119ef695931691612bf0f31a47a04f1c0706446bcc7f5d1860c3152580a,8f106119ef695931691612bf0f31a47a04f1c0706446bcc7f5d1860c3152580a,True,232.825,232.825,-20.994,-20.994,+0.000,-0.446,-0.446,+0.000,2.880,2.880,-38.642,-38.642,+0.000,,,
scores/classical/vivaldi_four_seasons/autumn/vivaldi_four_seasons_autumn_m2.score.json,0,152.775,18fb540f0194fddb6bc1651eb19358e55ef40580c1532b605ad91a683e3cf945,18fb540f0194fddb6bc1651eb19358e55ef40580c1532b605ad91a683e3cf945,True,162.204,162.204,-26.378,-26.378,+0.000,-0.446,-0.446,+0.000,9.429,9.429,-300.000,-300.000,+0.000,,,
scores/classical/vivaldi_four_seasons/autumn/vivaldi_four_seasons_autumn_m3.score.json,0,176.570,7a33371bba83d7b58b9e3b72c73465ff6742b20b40d9247578a8f542a8a42486,7a33371bba83d7b58b9e3b72c73465ff6742b20b40d9247578a8f542a8a42486,True,179.464,179.464,-17.929,-17.929,+0.000,-0.446,-0.446,+0.000,2.894,2.894,-41.320,-41.320,+0.000,,,
scores/classical/vivaldi_four_seasons/spring/vivaldi_four_seasons_spring_m1.score.json,0,171.336,7a35e3290de2069a9cb11779af09c266f5812f6c5f0e72054879cddfdac2103d,7a35e3290de2069a9cb11779af09c266f5812f6c5f0e72054879cddfdac2103d,True,174.221,174.221,-22.381,-22.381,+0.000,-0.446,-0.446,+0.000,2.885,2.885,-49.361,-49.361,+0.000,,,
scores/classical/vivaldi_four_seasons/spring/vivaldi_four_seasons_spring_m2.score.json,0,140.345,e29df716ac0bd104b1854d7078841dc893d3692fcb25522f8776607761ce406f,e29df716ac0bd104b1854d7078841dc893d3692fcb25522f8776607761ce406f,True,144.514,144.514,-24.517,-24.517,+0.000,-0.446,-0.446,+0.000,4.169,4.169,-90.319,-90.319,+0.000,,,
scores/classical/vivaldi_four_seasons/spring/vivaldi_four_seasons_spring_m3.score.json,0,222.445,6a332e48c32b085ffd224b6461fe32e0afddf4908ce8c7aa703763452d74a59f,6a332e48c32b085ffd224b6461fe32e0afddf4908ce8c7aa703763452d74a59f,True,225.491,225.491,-23.093,-23.093,+0.000,-0.446,-0.446,+0.000,3.046,3.046,-81.085,-81.085,+0.000,,,
scores/classical/vivaldi_four_seasons/summer/vivaldi_four_seasons_summer_m1.score.json,0,251.945,68029d28563595115e611738933dd6d89aa0dc8986b79a79baf55236545c123a,68029d28563595115e611738933dd6d89aa0dc8986b79a79baf55236545c123a,True,254.980,254.980,-22.177,-22.177,+0.000,-0.446,-0.446,+0.000,3.035,3.035,-79.130,-79.130,+0.000,,,
scores/classical/vivaldi_four_seasons/summer/vivaldi_four_seasons_summer_m2.score.json,0,117.278,f57f7daaa8c1c31b5b980944898a1648604658554cc974d03486454c18b3e195,f57f7daaa8c1c31b5b980944898a1648604658554cc974d03486454c18b3e195,True,122.662,122.662,-21.155,-21.155,+0.000,-0.446,-0.446,+0.000,5.383,5.383,-118.610,-118.610,+0.000,,,
scores/classical/vivaldi_four_seasons/summer/vivaldi_four_seasons_summer_m3.score.json,0,155.945,442b7ef4d7ed5b0f825545229129b00858daabdbe073c5b2dbed89f9ca1e2e19,442b7ef4d7ed5b0f825545229129b00858daabdbe073c5b2dbed89f9ca1e2e19,True,157.747,157.747,-16.683,-16.683,+0.000,-0.446,-0.446,+0.000,1.802,1.802,-66.571,-66.571,+0.000,,,
scores/classical/vivaldi_four_seasons/winter/vivaldi_four_seasons_winter_m1.score.json,0,107.945,dccf23c1ec50fafe4837229b4e4741624f6eb3f9ae8cb0c357e6912379cacefa,dccf23c1ec50fafe4837229b4e4741624f6eb3f9ae8cb0c357e6912379cacefa,True,110.904,110.904,-20.307,-20.307,+0.000,-0.446,-0.446,+0.000,2.959,2.959,-58.381,-58.381,+0.000,,,
scores/classical/vivaldi_four_seasons/winter/vivaldi_four_seasons_winter_m2.score.json,0,93.858,7b1acb6b42b14c1a14112c1ff408fb09d231e623ed4564a537c356a88e689d3c,7b1acb6b42b14c1a14112c1ff408fb09d231e623ed4564a537c356a88e689d3c,True,100.525,100.525,-17.331,-17.331,+0.000,-0.446,-0.446,+0.000,6.667,6.667,-116.816,-116.816,+0.000,,,
scores/classical/vivaldi_four_seasons/winter/vivaldi_four_seasons_winter_m3.score.json,0,183.545,854f58d6f258eb43ead2b575f5115b04d7449630dbba5beaa9ff74baf43e7092,854f58d6f258eb43ead2b575f5115b04d7449630dbba5beaa9ff74baf43e7092,True,186.447,186.447,-25.503,-25.503,+0.000,-0.446,-0.446,+0.000,2.902,2.902,-47.177,-47.177,+0.000,,,
scores/originals/ai_radiance/ai_radiance_m2.score.json,0,19.018,f8adaa0be3e052781f726dc85f0fd10302aa7e954af7a914ea7fcd415029ee71,f8adaa0be3e052781f726dc85f0fd10302aa7e954af7a914ea7fcd415029ee71,True,29.196,29.196,-21.034,-21.034,+0.000,-0.446,-0.446,+0.000,10.178,10.178,-24.456,-24.456,+0.000,ai_radiance_m2,f8adaa0be3e052781f726dc85f0fd10302aa7e954af7a914ea7fcd415029ee71,True
scores/library/akashic/akashic_action_001.score.json,0,0.900,591debffb54784c9d2a622751dc6a34b1d50bf7fb193bd23b85a6c08744326d5,591debffb54784c9d2a622751dc6a34b1d50bf7fb193bd23b85a6c08744326d5,True,3.248,3.248,-22.007,-22.007,+0.000,-0.446,-0.446,+0.000,2.348,2.348,-35.665,-35.665,+0.000,akashic_action_001,591debffb54784c9d2a622751dc6a34b1d50bf7fb193bd23b85a6c08744326d5,True
scores/library/akashic/akashic_ambient_001.score.json,0,13.800,1e4765630be7b9142426fd7a67943be482e755a91e8cb6c0915b89a82441101b,1e4765630be7b9142426fd7a67943be482e755a91e8cb6c0915b89a82441101b,True,33.501,33.501,-27.240,-27.240,+0.000,-0.446,-0.446,+0.000,19.701,19.701,-67.620,-67.620,+0.000,akashic_ambient_001,1e4765630be7b9142426fd7a67943be482e755a91e8cb6c0915b89a82441101b,True
scores/library/akashic/akashic_loop_001.score.json,0,15.150,b704f5799280d0231810b19c889ae22aa1a2fddfc3a5028f28415786d84a9d24,b704f5799280d0231810b19c889ae22aa1a2fddfc3a5028f28415786d84a9d24,True,24.325,24.325,-23.736,-23.736,+0.000,-0.446,-0.446,+0.000,9.175,9.175,-44.113,-44.113,+0.000,akashic_loop_001,b704f5799280d0231810b19c889ae22aa1a2fddfc3a5028f28415786d84a9d24,True
scores/library/akashic/akashic_transition_001.score.json,0,6.450,0669dc6aaa71b67a35c340f85e963b42ca3e28c9cd5313f2b8818597594bd2f4,0669dc6aaa71b67a35c340f85e963b42ca3e28c9cd5313f2b8818597594bd2f4,True,17.572,17.572,-27.031,-27.031,+0.000,-0.446,-0.446,+0.000,11.122,11.122,-63.453,-63.453,+0.000,akashic_transition_001,0669dc6aaa71b67a35c340f85e963b42ca3e28c9cd5313f2b8818597594bd2f4,True
scores/library/akashic/akashic_transition_var01.score.json,0,7.400,9ce1735b7dbe6cca4cbe013ee0b9a197a3eb394668215be8db39d0498cea21d1,9ce1735b7dbe6cca4cbe013ee0b9a197a3eb394668215be8db39d0498cea21d1,True,21.971,21.971,-26.638,-26.638,+0.000,-0.446,-0.446,+0.000,14.571,14.571,-58.058,-58.058,+0.000,akashic_transition_var01,9ce1735b7dbe6cca4cbe013ee0b9a197a3eb394668215be8db39d0498cea21d1,True
scores/library/ocean/ocean_action_001.score.json,0,0.720,445fa0cda2bb087d9eb746090fa32495a446cc5a564a409369f267bb9061471a,445fa0cda2bb087d9eb746090fa32495a446cc5a564a409369f267bb9061471a,True,6.289,6.289,-23.160,-23.160,+0.000,-0.446,-0.446,+0.000,5.569,5.569,-20.724,-20.724,+0.000,ocean_action_001,445fa0cda2bb087d9eb746090fa32495a446cc5a564a409369f267bb9061471a,True
scores/library/ocean/ocean_ambient_001.score.json,0,9.400,4c5c4d4effdc311c339d78ebab546af0c900fe82961b96482503217cdad5f3d5,4c5c4d4effdc311c339d78ebab546af0c900fe82961b96482503217cdad5f3d5,True,20.375,20.375,-20.581,-20.581,+0.000,-0.446,-0.446,+0.000,10.975,10.975,-38.512,-38.512,+0.000,ocean_ambient_001,4c5c4d4effdc311c339d78ebab546af0c900fe82961b96482503217cdad5f3d5,True
scores/library/rabbit/rabbit_action_001.score.json,0,0.360,26bee7a4702e3bfbf187b08e907520968372697733a2416896bffb9b9ea012e0,26bee7a4702e3bfbf187b08e907520968372697733a2416896bffb9b9ea012e0,True,1.575,1.575,-36.781,-36.781,+0.000,-0.446,-0.446,+0.000,1.215,1.215,-60.617,-60.617,+0.000,rabbit_action_001,26bee7a4702e3bfbf187b08e907520968372697733a2416896bffb9b9ea012e0,True
scores/library/restraint/restraint_action_001.score.json,0,0.540,168230920528bdb0cdfb7b7daeecfebaf050f57588d4a12cf68676ab85d72d2d,168230920528bdb0cdfb7b7daeecfebaf050f57588d4a12cf68676ab85d72d2d,True,2.704,2.704,-32.548,-32.548,+0.000,-0.446,-0.446,+0.000,2.164,2.164,-46.510,-46.510,+0.000,restraint_action_001,168230920528bdb0cdfb7b7daeecfebaf050f57588d4a12cf68676ab85d72d2d,True
scores/library/restraint/restraint_ambient_001.score.json,0,9.900,3123e72019c5bbcea979cc690f2da27fc8fde5e8e0f5787ff849059ac366d700,3123e72019c5bbcea979cc690f2da27fc8fde5e8e0f5787ff849059ac366d700,True,19.015,19.015,-20.888,-20.888,+0.000,-0.446,-0.446,+0.000,9.115,9.115,-70.474,-70.474,+0.000,restraint_ambient_001,3123e72019c5bbcea979cc690f2da27fc8fde5e8e0f5787ff849059ac366d700,True
scores/library/restraint/restraint_transition_001.score.json,0,2.150,195506cc9c635dc88e72563b50993cacfce7a867946537bf7745cb62fcb8f656,195506cc9c635dc88e72563b50993cacfce7a867946537bf7745cb62fcb8f656,True,5.967,5.967,-29.790,-29.790,+0.000,-0.446,-0.446,+0.000,3.817,3.817,-58.609,-58.609,+0.000,restraint_transition_001,195506cc9c635dc88e72563b50993cacfce7a867946537bf7745cb62fcb8f656,True
