score,tail_share_base_db,tail_share_nox2_db,d_tail_share_db,d_len_s
scores/examples/moonlight_sonata_movement1_tongue_drum.score.json,-31.783,-29.917,+1.866,+2.618
scores/examples/moonlight_sonata_movement1_yangqin_tongue_mix.score.json,-39.749,-36.645,+3.104,+2.618
scores/examples/rabbit_warning.score.json,-14.625,-13.915,+0.711,+0.034
scores/library/akashic/akashic_notify_001.score.json,-35.271,-34.876,+0.395,+0.000
scores/library/akashic/akashic_opening_bell_001.score.json,-18.936,-18.956,-0.020,+0.000
scores/library/akashic/akashic_ui_001.score.json,-22.329,-21.394,+0.935,+0.000
scores/library/clockwork/clockwork_action_001.score.json,-27.809,-26.091,+1.718,+0.011
scores/library/clockwork/clockwork_ambient_001.score.json,-47.092,-47.283,-0.191,+0.000
scores/library/clockwork/clockwork_loop_001.score.json,-14.084,-13.833,+0.251,+0.041
scores/library/clockwork/clockwork_notify_001.score.json,-35.679,-30.644,+5.035,+0.000
scores/library/clockwork/clockwork_notify_var01.score.json,-36.138,-29.947,+6.191,+0.000
scores/library/clockwork/clockwork_transition_001.score.json,-22.354,-19.142,+3.211,+0.057
scores/library/clockwork/clockwork_ui_001.score.json,-12.870,-11.833,+1.037,+0.050
scores/library/forest/forest_action_001.score.json,-13.105,-12.946,+0.159,+0.008
scores/library/forest/forest_ambient_001.score.json,-38.716,-38.846,-0.130,+0.000
scores/library/forest/forest_loop_001.score.json,-31.045,-31.563,-0.518,+0.000
scores/library/forest/forest_notify_001.score.json,-27.376,-26.663,+0.713,+0.000
scores/library/forest/forest_notify_var01.score.json,-29.919,-29.241,+0.678,+0.000
scores/library/forest/forest_transition_001.score.json,-36.049,-36.335,-0.286,+0.000
scores/library/forest/forest_ui_001.score.json,-12.891,-10.381,+2.510,+0.000
scores/library/ocean/ocean_loop_001.score.json,-46.570,-45.697,+0.873,+0.000
scores/library/ocean/ocean_notify_001.score.json,-8.727,-7.845,+0.883,+0.020
scores/library/ocean/ocean_notify_var01.score.json,-8.869,-8.007,+0.862,+0.060
scores/library/ocean/ocean_transition_001.score.json,-22.613,-20.425,+2.189,+0.235
scores/library/ocean/ocean_ui_001.score.json,-10.452,-9.485,+0.967,+0.037
scores/library/rabbit/rabbit_ambient_001.score.json,-41.835,-38.492,+3.343,+0.000
scores/library/rabbit/rabbit_loop_001.score.json,-14.620,-13.627,+0.993,+0.139
scores/library/rabbit/rabbit_notify_001.score.json,-19.224,-17.887,+1.338,+0.033
scores/library/rabbit/rabbit_notify_var01.score.json,-10.573,-9.075,+1.499,+0.019
scores/library/rabbit/rabbit_transition_001.score.json,-13.695,-12.724,+0.971,+0.079
scores/library/rabbit/rabbit_ui_001.score.json,-21.277,-21.440,-0.163,+0.000
scores/library/restraint/restraint_loop_001.score.json,-17.964,-17.485,+0.479,+0.766
scores/library/restraint/restraint_notify_001.score.json,-15.465,-14.259,+1.207,+0.379
scores/library/restraint/restraint_notify_var01.score.json,-14.332,-12.231,+2.102,+0.379
scores/library/restraint/restraint_ui_001.score.json,-8.256,-7.010,+1.245,+0.766
scores/originals/ai_radiance/ai_radiance_complete.score.json,-36.907,-36.913,-0.006,+0.000
scores/originals/ai_radiance/ai_radiance_m1.score.json,-57.207,-57.205,+0.002,+0.000
scores/originals/ai_radiance/ai_radiance_m3.score.json,-28.524,-28.524,+0.000,+0.000
scores/originals/ai_radiance/ai_radiance_m4.score.json,-27.073,-27.105,-0.032,+0.000
