score,beam_events,f1_min_hz,f1_max_hz,t60_mode1_base_min_s,t60_mode1_base_med_s,t60_mode1_base_max_s,t60_mode1_nox2_min_s,t60_mode1_nox2_med_s,t60_mode1_nox2_max_s,ratio_min,ratio_med,ratio_max,amp1_change_db_min,amp1_change_db_med,amp1_change_db_max,nonbeam_events,nonbeam_identical
scores/examples/moonlight_sonata_movement1_tongue_drum.score.json,1142,43.7,1244.5,3.911,15.35,110.6,5.022,25.02,197.2,1.2841,1.6305,1.7828,-0.377,-0.288,-0.169,0,0
scores/examples/moonlight_sonata_movement1_yangqin_tongue_mix.score.json,1142,43.7,1244.5,3.911,15.35,110.6,5.022,25.02,197.2,1.2841,1.6305,1.7828,-0.377,-0.288,-0.169,1142,1142
scores/examples/rabbit_warning.score.json,2,1318.5,1568.0,2.757,3.172,3.588,3.431,4.001,4.571,1.2445,1.2592,1.2739,-0.390,-0.370,-0.350,0,0
scores/originals/ai_radiance/ai_radiance_complete.score.json,64,698.5,1396.9,0.08077,0.6701,4.65,0.1566,1.284,6.767,1.4317,1.9297,1.9630,-1.915,+0.000,+0.000,196,196
scores/originals/ai_radiance/ai_radiance_m1.score.json,16,740.0,830.6,0.8507,2.476,4.65,1.642,3.786,6.767,1.4317,1.6925,1.9355,+0.000,+0.000,+0.000,48,48
scores/originals/ai_radiance/ai_radiance_m3.score.json,16,698.5,1318.5,0.08077,0.1123,0.1545,0.1566,0.2192,0.3033,1.9384,1.9524,1.9630,+0.000,+0.000,+0.000,20,20
scores/originals/ai_radiance/ai_radiance_m4.score.json,32,698.5,1396.9,0.4959,0.6701,1.016,0.9399,1.284,1.97,1.8952,1.9162,1.9383,-1.915,+0.000,+0.000,26,26
scores/library/akashic/akashic_notify_001.score.json,2,1318.5,1760.0,0.3887,0.4578,0.5269,0.7286,0.8648,1.001,1.8743,1.8871,1.8998,-2.120,-2.118,-2.117,0,0
scores/library/akashic/akashic_opening_bell_001.score.json,7,293.7,659.3,5.399,8.926,14.37,7.983,13.88,23.3,1.4784,1.5553,1.6220,-0.181,+0.000,+0.000,1,1
scores/library/akashic/akashic_ui_001.score.json,1,2093.0,2093.0,0.3232,0.3232,0.3232,0.5999,0.5999,0.5999,1.8561,1.8561,1.8561,-2.091,-2.091,-2.091,0,0
scores/library/clockwork/clockwork_action_001.score.json,1,349.2,349.2,1.995,1.995,1.995,3.799,3.799,3.799,1.9046,1.9046,1.9046,-1.625,-1.625,-1.625,1,1
scores/library/clockwork/clockwork_ambient_001.score.json,6,698.5,698.5,0.9645,0.9645,0.9645,1.784,1.784,1.784,1.8496,1.8496,1.8496,-1.581,-1.581,-1.581,1,1
scores/library/clockwork/clockwork_loop_001.score.json,10,698.5,1318.5,0.4827,0.9645,0.9645,0.8527,1.784,1.784,1.7666,1.8496,1.8496,-1.828,-1.581,-1.581,0,0
scores/library/clockwork/clockwork_notify_001.score.json,1,659.3,659.3,1.026,1.026,1.026,1.903,1.903,1.903,1.8554,1.8554,1.8554,-1.613,-1.613,-1.613,0,0
scores/library/clockwork/clockwork_notify_var01.score.json,1,659.3,659.3,1.026,1.026,1.026,1.903,1.903,1.903,1.8554,1.8554,1.8554,-1.613,-1.613,-1.613,0,0
scores/library/clockwork/clockwork_transition_001.score.json,4,261.6,523.3,1.309,1.944,2.686,2.456,3.699,5.155,1.8763,1.9027,1.9195,-1.666,-1.612,-1.566,0,0
scores/library/clockwork/clockwork_ui_001.score.json,1,587.3,587.3,1.159,1.159,1.159,2.163,2.163,2.163,1.8664,1.8664,1.8664,-1.562,-1.562,-1.562,0,0
scores/library/forest/forest_action_001.score.json,2,261.6,392.0,0.1734,0.217,0.2605,0.343,0.4298,0.5166,1.9777,1.9803,1.9830,-2.302,-1.302,-0.302,0,0
scores/library/forest/forest_ambient_001.score.json,6,784.0,1480.0,0.07171,0.09976,0.1374,0.1386,0.1943,0.2692,1.9321,1.9477,1.9595,+0.000,+0.000,+0.000,0,0
scores/library/forest/forest_loop_001.score.json,16,740.0,1480.0,0.07171,0.1055,0.1457,0.1386,0.2057,0.2858,1.9321,1.9502,1.9613,+0.000,+0.000,+0.000,0,0
scores/library/forest/forest_notify_001.score.json,2,1975.5,2637.0,0.03928,0.04622,0.05317,0.07424,0.08799,0.1017,1.8899,1.9018,1.9136,-2.198,-2.177,-2.156,0,0
scores/library/forest/forest_notify_var01.score.json,3,2637.0,3322.4,0.03074,0.03928,0.03928,0.05739,0.07424,0.07424,1.8666,1.8899,1.8899,-2.156,+0.000,+0.000,0,0
scores/library/forest/forest_transition_001.score.json,4,587.3,880.0,0.08731,0.1106,0.1316,0.1708,0.2173,0.2591,1.9567,1.9640,1.9686,+0.000,+0.000,+0.000,0,0
scores/library/forest/forest_ui_001.score.json,1,698.5,698.5,0.09672,0.09672,0.09672,0.1901,0.1901,0.1901,1.9658,1.9658,1.9658,-2.287,-2.287,-2.287,0,0
scores/library/ocean/ocean_loop_001.score.json,2,784.0,880.0,0.8016,0.8522,0.9028,1.544,1.645,1.745,1.9267,1.9297,1.9327,+0.000,+0.000,+0.000,2,2
scores/library/ocean/ocean_notify_001.score.json,1,1046.5,1046.5,0.6701,0.6701,0.6701,1.284,1.284,1.284,1.9162,1.9162,1.9162,+0.000,+0.000,+0.000,0,0
scores/library/ocean/ocean_notify_var01.score.json,1,523.3,523.3,1.365,1.365,1.365,2.662,2.662,2.662,1.9496,1.9496,1.9496,-1.627,-1.627,-1.627,0,0
scores/library/ocean/ocean_transition_001.score.json,1,587.3,587.3,11.14,11.14,11.14,15.85,15.85,15.85,1.4230,1.4230,1.4230,-0.178,-0.178,-0.178,2,2
scores/library/ocean/ocean_ui_001.score.json,1,880.0,880.0,0.8016,0.8016,0.8016,1.544,1.544,1.544,1.9267,1.9267,1.9267,+0.000,+0.000,+0.000,0,0
scores/library/rabbit/rabbit_ambient_001.score.json,5,1046.5,1760.0,2.303,3.588,5.039,2.823,4.571,6.628,1.2259,1.2739,1.3153,+0.000,+0.000,+0.000,0,0
scores/library/rabbit/rabbit_loop_001.score.json,8,784.0,1318.5,3.588,5.039,7.564,4.571,6.628,10.36,1.2739,1.3153,1.3690,-0.350,-0.294,-0.231,0,0
scores/library/rabbit/rabbit_notify_001.score.json,1,1568.0,1568.0,2.757,2.757,2.757,3.431,3.431,3.431,1.2445,1.2445,1.2445,-0.391,-0.391,-0.391,0,0
scores/library/rabbit/rabbit_notify_var01.score.json,1,1568.0,1568.0,1.635,1.635,1.635,2.132,2.132,2.132,1.3040,1.3040,1.3040,-0.650,-0.650,-0.650,0,0
scores/library/rabbit/rabbit_transition_001.score.json,3,1046.5,1760.0,2.303,3.588,5.039,2.823,4.571,6.628,1.2259,1.2739,1.3153,-0.415,-0.350,-0.294,0,0
scores/library/rabbit/rabbit_ui_001.score.json,1,880.0,880.0,0.1017,0.1017,0.1017,0.1987,0.1987,0.1987,1.9536,1.9536,1.9536,-2.267,-2.267,-2.267,0,0
scores/library/restraint/restraint_loop_001.score.json,4,196.0,220.0,19.92,22.64,22.64,33.1,37.95,37.95,1.6621,1.6763,1.6763,-0.571,-0.554,-0.552,4,4
scores/library/restraint/restraint_notify_001.score.json,2,329.6,493.9,7.755,10.16,12.57,11.9,16.03,20.16,1.5342,1.5692,1.6041,-0.610,-0.553,-0.495,0,0
scores/library/restraint/restraint_notify_var01.score.json,2,329.6,493.9,7.755,10.16,12.57,11.9,16.03,20.16,1.5342,1.5692,1.6041,-0.610,-0.553,-0.495,0,0
scores/library/restraint/restraint_ui_001.score.json,1,196.0,196.0,22.64,22.64,22.64,37.95,37.95,37.95,1.6763,1.6763,1.6763,-0.552,-0.552,-0.552,0,0
